,Method,# Runs,Sample Size,Noise-level [dB],Percentage Outliers (3Std),Seed,Mean_MD,Std_MD,Median_MD,nMAD_MD,Mean_MSE,Std_MSE,Median_MSE,nMAD_MSE,Mean_SNR,Std_SNR,Median_SNR,nMAD_SNR,Time elapsed [s]
0,jade,100,1000,1000,0,None,0.7546123290399379,0.08446672141387236,0.7627575644018474,0.09221404907367084,0.382649588640695,0.11887809800621245,0.3975766431613152,0.13005092106257807,5.480737577964487,2.01282744190067,5.410088508947727,2.2695514877195637,16.81520915031433
,Method,# Runs,Sample Size,Noise-level [dB],Percentage Outliers (3Std),Seed,Mean_MD,Std_MD,Median_MD,nMAD_MD,Mean_MSE,Std_MSE,Median_MSE,nMAD_MSE,Mean_SNR,Std_SNR,Median_SNR,nMAD_SNR,Time elapsed [s]
0,jade,100,2500,1000,0,None,0.7318204749799471,0.09093019550040617,0.7400525269175003,0.09511647365754379,0.34278877843227185,0.11704941734872036,0.3431518112545409,0.12678272886171624,6.057072146046245,2.0351102617345265,5.976216527780615,2.0357518449443073,26.813038110733032
,Method,# Runs,Sample Size,Noise-level [dB],Percentage Outliers (3Std),Seed,Mean_MD,Std_MD,Median_MD,nMAD_MD,Mean_MSE,Std_MSE,Median_MSE,nMAD_MSE,Mean_SNR,Std_SNR,Median_SNR,nMAD_SNR,Time elapsed [s]
0,jade,100,5000,1000,0,None,0.7348932440702499,0.09300695817631141,0.7563271383227447,0.0806039585468295,0.34575828866240066,0.12578447011193816,0.36191111809659193,0.14019268271457125,5.802928584531097,2.102709670166239,5.498328235084335,2.196437466555909,30.625831842422485
,Method,# Runs,Sample Size,Noise-level [dB],Percentage Outliers (3Std),Seed,Mean_MD,Std_MD,Median_MD,nMAD_MD,Mean_MSE,Std_MSE,Median_MSE,nMAD_MSE,Mean_SNR,Std_SNR,Median_SNR,nMAD_SNR,Time elapsed [s]
0,jade,100,10000,1000,0,None,0.7242202120193965,0.10041313840424398,0.7425148767969306,0.0924877854852266,0.32021339777685903,0.12717018335017988,0.33914485878589906,0.13284031766793783,6.387062626269216,2.3392010597222725,5.9935548439852475,2.0269748141123562,45.12760901451111
,Method,# Runs,Sample Size,Noise-level [dB],Percentage Outliers (3Std),Seed,Mean_MD,Std_MD,Median_MD,nMAD_MD,Mean_MSE,Std_MSE,Median_MSE,nMAD_MSE,Mean_SNR,Std_SNR,Median_SNR,nMAD_SNR,Time elapsed [s]
0,jade,100,15000,1000,0,None,0.7251305916343794,0.09304963568638697,0.7461189998624415,0.09947989749134174,0.3520030453518506,0.12083234562104922,0.367738638472418,0.128143292282,5.929687230633763,2.043411877533845,5.674821922086039,2.004788326228045,57.33446288108826
,Method,# Runs,Sample Size,Noise-level [dB],Percentage Outliers (3Std),Seed,Mean_MD,Std_MD,Median_MD,nMAD_MD,Mean_MSE,Std_MSE,Median_MSE,nMAD_MSE,Mean_SNR,Std_SNR,Median_SNR,nMAD_SNR,Time elapsed [s]
0,jade,100,1000,40,0,None,0.7221843123006795,0.09630791032633745,0.7445293968572032,0.09345477622074778,0.35120469129845344,0.12793818431716653,0.3702299828754847,0.15312001935522293,5.957483746556814,2.408340349823565,5.90201793740106,2.639837529355903,17.28527307510376
,Method,# Runs,Sample Size,Noise-level [dB],Percentage Outliers (3Std),Seed,Mean_MD,Std_MD,Median_MD,nMAD_MD,Mean_MSE,Std_MSE,Median_MSE,nMAD_MSE,Mean_SNR,Std_SNR,Median_SNR,nMAD_SNR,Time elapsed [s]
0,jade,100,2500,40,0,None,0.7311260656659119,0.10232328943417796,0.7529081596847603,0.10403987265332595,0.33987269864531966,0.13020461291208502,0.3456833508922543,0.160652641242565,5.9547129261388285,2.24146333090615,5.82714459429937,2.36179120935875,21.33257508277893
,Method,# Runs,Sample Size,Noise-level [dB],Percentage Outliers (3Std),Seed,Mean_MD,Std_MD,Median_MD,nMAD_MD,Mean_MSE,Std_MSE,Median_MSE,nMAD_MSE,Mean_SNR,Std_SNR,Median_SNR,nMAD_SNR,Time elapsed [s]
0,jade,100,5000,40,0,None,0.7454253729535206,0.09359896434533996,0.7665116695817829,0.08417699535314314,0.35573294415435536,0.12593340537982514,0.3610988241255665,0.1237271676450423,5.667188954492211,2.139756684619847,5.444976008762097,1.8793757942684535,28.49149799346924
,Method,# Runs,Sample Size,Noise-level [dB],Percentage Outliers (3Std),Seed,Mean_MD,Std_MD,Median_MD,nMAD_MD,Mean_MSE,Std_MSE,Median_MSE,nMAD_MSE,Mean_SNR,Std_SNR,Median_SNR,nMAD_SNR,Time elapsed [s]
0,jade,100,10000,40,0,None,0.7320693552780675,0.10531412573588521,0.7540377219300385,0.08907808526002317,0.3568972714301224,0.1217411809249814,0.3714450647951194,0.11879634955912655,5.6720397681537875,2.1930377104518697,5.171851292569727,1.6252705195221808,40.89890789985657
,Method,# Runs,Sample Size,Noise-level [dB],Percentage Outliers (3Std),Seed,Mean_MD,Std_MD,Median_MD,nMAD_MD,Mean_MSE,Std_MSE,Median_MSE,nMAD_MSE,Mean_SNR,Std_SNR,Median_SNR,nMAD_SNR,Time elapsed [s]
0,jade,100,15000,40,0,None,0.7447089023731367,0.098800856472508,0.7580082571557645,0.09995037286072198,0.3733540576832747,0.1386316083725984,0.37999907926960447,0.14744038707654356,5.4703669183467545,2.283441622440265,5.187015832816941,2.280416341824897,53.66669511795044
,Method,# Runs,Sample Size,Noise-level [dB],Percentage Outliers (3Std),Seed,Mean_MD,Std_MD,Median_MD,nMAD_MD,Mean_MSE,Std_MSE,Median_MSE,nMAD_MSE,Mean_SNR,Std_SNR,Median_SNR,nMAD_SNR,Time elapsed [s]
0,jade,100,1000,1000,0.001,None,0.8313436839900257,0.05193271876480317,0.8310602847429759,0.05587559725410167,0.42064799252744645,0.10534049730523855,0.4089179409232284,0.10904609396142087,4.61581164638681,1.7142260652148695,4.372877980154529,1.7204356235179372,16.83454179763794
,Method,# Runs,Sample Size,Noise-level [dB],Percentage Outliers (3Std),Seed,Mean_MD,Std_MD,Median_MD,nMAD_MD,Mean_MSE,Std_MSE,Median_MSE,nMAD_MSE,Mean_SNR,Std_SNR,Median_SNR,nMAD_SNR,Time elapsed [s]
0,jade,100,2500,1000,0.001,None,0.814715305768128,0.061281769411938414,0.8171273139253721,0.05728411011434908,0.3836062910270701,0.0968992872050906,0.38111098124878157,0.09904536223861041,5.17112500697458,1.7381842930568854,4.795786941962197,1.5245336897823938,20.945844888687134
,Method,# Runs,Sample Size,Noise-level [dB],Percentage Outliers (3Std),Seed,Mean_MD,Std_MD,Median_MD,nMAD_MD,Mean_MSE,Std_MSE,Median_MSE,nMAD_MSE,Mean_SNR,Std_SNR,Median_SNR,nMAD_SNR,Time elapsed [s]
0,jade,100,5000,1000,0.001,None,0.8095760715451202,0.061910565414265914,0.8189849765850443,0.055580203934952124,0.36181731952892343,0.08673594072534765,0.35462603368219314,0.10009017106587455,5.403397311665933,1.5327048362464246,5.235463619794336,1.550206652037262,29.090782165527344
,Method,# Runs,Sample Size,Noise-level [dB],Percentage Outliers (3Std),Seed,Mean_MD,Std_MD,Median_MD,nMAD_MD,Mean_MSE,Std_MSE,Median_MSE,nMAD_MSE,Mean_SNR,Std_SNR,Median_SNR,nMAD_SNR,Time elapsed [s]
0,jade,100,10000,1000,0.001,None,0.8105454602765713,0.0671815268936959,0.8252544300839528,0.0618589188107027,0.3916491684605182,0.10522527977386163,0.3829606582964787,0.10187964329560682,5.053824383903108,1.9003281287134945,4.681759363608761,1.7536560634872818,41.666122913360596
,Method,# Runs,Sample Size,Noise-level [dB],Percentage Outliers (3Std),Seed,Mean_MD,Std_MD,Median_MD,nMAD_MD,Mean_MSE,Std_MSE,Median_MSE,nMAD_MSE,Mean_SNR,Std_SNR,Median_SNR,nMAD_SNR,Time elapsed [s]
0,jade,100,15000,1000,0.001,None,0.8140881709165145,0.06346149572701788,0.8264052597587239,0.061111608324998845,0.37862597771830264,0.10360479168360347,0.3774203215254348,0.10433162830469732,5.365229774708364,1.8605101199501834,4.907636110592785,1.8404413880256973,54.07460403442383
,Method,# Runs,Sample Size,Noise-level [dB],Percentage Outliers (3Std),Seed,Mean_MD,Std_MD,Median_MD,nMAD_MD,Mean_MSE,Std_MSE,Median_MSE,nMAD_MSE,Mean_SNR,Std_SNR,Median_SNR,nMAD_SNR,Time elapsed [s]
0,jade,100,1000,40,0.001,None,0.816765711992003,0.058043870275601,0.8180684002058162,0.0631863854711354,0.3885780777279557,0.0990552689139528,0.39957845848845963,0.10485011557121415,5.090038192226284,1.8227390346411905,4.827658445358747,1.882587781385227,17.104657888412476
,Method,# Runs,Sample Size,Noise-level [dB],Percentage Outliers (3Std),Seed,Mean_MD,Std_MD,Median_MD,nMAD_MD,Mean_MSE,Std_MSE,Median_MSE,nMAD_MSE,Mean_SNR,Std_SNR,Median_SNR,nMAD_SNR,Time elapsed [s]
0,jade,100,2500,40,0.001,None,0.8136646882257579,0.06618189614000691,0.8202604156615214,0.07527449001555883,0.3837057693128871,0.09223944735297142,0.3758544834330746,0.08591336578640527,5.028046412407431,1.4910986934758106,4.885221241470001,1.4299139975586679,20.97022795677185
,Method,# Runs,Sample Size,Noise-level [dB],Percentage Outliers (3Std),Seed,Mean_MD,Std_MD,Median_MD,nMAD_MD,Mean_MSE,Std_MSE,Median_MSE,nMAD_MSE,Mean_SNR,Std_SNR,Median_SNR,nMAD_SNR,Time elapsed [s]
0,jade,100,5000,40,0.001,None,0.80333972775329,0.05922644508689047,0.8129442722931592,0.052263755581790826,0.358463007307905,0.0921951223056032,0.3730588385894288,0.08210157115248475,5.526131180842603,1.6841507733326089,5.330650017074213,1.7843593691694843,28.903889179229736
,Method,# Runs,Sample Size,Noise-level [dB],Percentage Outliers (3Std),Seed,Mean_MD,Std_MD,Median_MD,nMAD_MD,Mean_MSE,Std_MSE,Median_MSE,nMAD_MSE,Mean_SNR,Std_SNR,Median_SNR,nMAD_SNR,Time elapsed [s]
0,jade,100,10000,40,0.001,None,0.8109959420929175,0.06262289586222564,0.8215862975390044,0.06373322492199755,0.3847585229888763,0.10967955886039556,0.38942271443891174,0.10947011111652143,5.202404225711199,1.9138122113814446,4.710194371578725,1.774693062877077,41.266721963882446
,Method,# Runs,Sample Size,Noise-level [dB],Percentage Outliers (3Std),Seed,Mean_MD,Std_MD,Median_MD,nMAD_MD,Mean_MSE,Std_MSE,Median_MSE,nMAD_MSE,Mean_SNR,Std_SNR,Median_SNR,nMAD_SNR,Time elapsed [s]
0,jade,100,15000,40,0.001,None,0.8232366500029105,0.05237714097859557,0.8285910675316042,0.04571696488029038,0.4030687121521587,0.09342127419718843,0.39625399895245433,0.09062298362813247,4.762184134281555,1.425131985134797,4.626585470699525,1.2624121775292159,53.994895696640015
,Method,# Runs,Sample Size,Noise-level [dB],Percentage Outliers (3Std),Seed,Mean_MD,Std_MD,Median_MD,nMAD_MD,Mean_MSE,Std_MSE,Median_MSE,nMAD_MSE,Mean_SNR,Std_SNR,Median_SNR,nMAD_SNR,Time elapsed [s]
0,jade,100,10000,40,0,None,0.734257052300331,0.10811817974776983,0.7585996944568967,0.10894477708327058,0.3644508307531354,0.13689901597773357,0.3805553865650939,0.12984826194791346,5.6624067696197615,2.3525756627114394,5.2834151772339215,2.4381840990770227,41.753523111343384
,Method,# Runs,Sample Size,Noise-level [dB],Percentage Outliers (3Std),Seed,Mean_MD,Std_MD,Median_MD,nMAD_MD,Mean_MSE,Std_MSE,Median_MSE,nMAD_MSE,Mean_SNR,Std_SNR,Median_SNR,nMAD_SNR,Time elapsed [s]
0,jade,100,10000,30,0,None,0.7323721253663212,0.08685717264220948,0.7435337147090371,0.07755626485126854,0.35452439594788765,0.11444304963360595,0.3713221230115672,0.13835999925163875,5.680906724669217,1.9186583558798116,5.433407930322322,2.0229295217517,42.592430114746094
,Method,# Runs,Sample Size,Noise-level [dB],Percentage Outliers (3Std),Seed,Mean_MD,Std_MD,Median_MD,nMAD_MD,Mean_MSE,Std_MSE,Median_MSE,nMAD_MSE,Mean_SNR,Std_SNR,Median_SNR,nMAD_SNR,Time elapsed [s]
0,jade,100,10000,20,0,None,0.7508949490890803,0.09111934995554828,0.7582467674483722,0.09383411983299396,0.3748987366544917,0.12546265969978787,0.3758807261476102,0.14097440401839148,5.2465974219713996,1.9573085167481417,4.953736090448205,1.892926725777369,48.91184687614441
,Method,# Runs,Sample Size,Noise-level [dB],Percentage Outliers (3Std),Seed,Mean_MD,Std_MD,Median_MD,nMAD_MD,Mean_MSE,Std_MSE,Median_MSE,nMAD_MSE,Mean_SNR,Std_SNR,Median_SNR,nMAD_SNR,Time elapsed [s]
0,jade,100,10000,10,0,None,0.7776856338267124,0.08035221217337236,0.8037576278998162,0.07006868651656224,0.4259161242997716,0.11702999747958284,0.43923525692812443,0.12335013032726583,4.37545354683189,1.6064257911730417,4.13793822036571,1.6407044932169497,46.17928194999695
,Method,# Runs,Sample Size,Noise-level [dB],Percentage Outliers (3Std),Seed,Mean_MD,Std_MD,Median_MD,nMAD_MD,Mean_MSE,Std_MSE,Median_MSE,nMAD_MSE,Mean_SNR,Std_SNR,Median_SNR,nMAD_SNR,Time elapsed [s]
0,jade,100,10000,6,0,None,0.7662315286851512,0.07831789969825788,0.7726351603171959,0.081100845722065,0.39716067717386827,0.12238035191147263,0.3921697460417516,0.12777532197389901,4.824597850074047,1.7682794968250608,4.617763317270132,1.7482779289129982,43.87480401992798
,Method,# Runs,Sample Size,Noise-level [dB],Percentage Outliers (3Std),Seed,Mean_MD,Std_MD,Median_MD,nMAD_MD,Mean_MSE,Std_MSE,Median_MSE,nMAD_MSE,Mean_SNR,Std_SNR,Median_SNR,nMAD_SNR,Time elapsed [s]
0,jade,100,10000,3,0,None,0.7924607659205486,0.07003207321675466,0.7928346383073843,0.06663046114696984,0.4308822990048366,0.10655548420275764,0.4319000849542152,0.10481668594711803,4.294587629189699,1.46847160781984,4.189036193582487,1.4116771316721048,43.3428840637207
,Method,# Runs,Sample Size,Noise-level [dB],Percentage Outliers (3Std),Seed,Mean_MD,Std_MD,Median_MD,nMAD_MD,Mean_MSE,Std_MSE,Median_MSE,nMAD_MSE,Mean_SNR,Std_SNR,Median_SNR,nMAD_SNR,Time elapsed [s]
0,jade,100,10000,1000,[0.001  0.0025 0.005  0.01   0.015  0.05   0.1    0.2    0.5   ],None,0.8056286203336397,0.0673091215697298,0.8165252464065708,0.07005138714605207,0.3662625423244898,0.09842553013143936,0.3770230973573817,0.0992105599721961,5.3685324856626675,1.8697672671334538,4.969636520403105,1.8028342114649922,41.42135500907898
,Method,# Runs,Sample Size,Noise-level [dB],Percentage Outliers (3Std),Seed,Mean_MD,Std_MD,Median_MD,nMAD_MD,Mean_MSE,Std_MSE,Median_MSE,nMAD_MSE,Mean_SNR,Std_SNR,Median_SNR,nMAD_SNR,Time elapsed [s]
0,jade,100,10000,1000,[0.001  0.0025 0.005  0.01   0.015  0.05   0.1    0.2    0.5   ],None,0.8119600246912033,0.06276586860570876,0.8218404076311654,0.05973855255686089,0.41185151493045724,0.08049207517780486,0.40872985198624884,0.08437606423037958,4.622128103245937,1.2608985132040151,4.4075978811273,1.2790152766414273,41.67931604385376
,Method,# Runs,Sample Size,Noise-level [dB],Percentage Outliers (3Std),Seed,Mean_MD,Std_MD,Median_MD,nMAD_MD,Mean_MSE,Std_MSE,Median_MSE,nMAD_MSE,Mean_SNR,Std_SNR,Median_SNR,nMAD_SNR,Time elapsed [s]
0,jade,100,10000,1000,[0.001  0.0025 0.005  0.01   0.015  0.05   0.1    0.2    0.5   ],None,0.8252980511547938,0.05575284785977433,0.8366356092965477,0.051688188353347556,0.40600453677951415,0.09667987934029815,0.40784182635722555,0.10366293536508324,4.689165579427665,1.4694230617780548,4.706638200016183,1.7865291195965765,40.797292947769165
,Method,# Runs,Sample Size,Noise-level [dB],Percentage Outliers (3Std),Seed,Mean_MD,Std_MD,Median_MD,nMAD_MD,Mean_MSE,Std_MSE,Median_MSE,nMAD_MSE,Mean_SNR,Std_SNR,Median_SNR,nMAD_SNR,Time elapsed [s]
0,jade,100,10000,1000,[0.001  0.0025 0.005  0.01   0.015  0.05   0.1    0.2    0.5   ],None,0.8342078748566227,0.048791563354478436,0.8435452838380137,0.04007074567850662,0.40032125027697846,0.10421773462305292,0.40224830118626775,0.10014422978078891,4.875198977962099,1.8209217353029128,4.643528321524295,1.679779495811031,40.97270679473877
,Method,# Runs,Sample Size,Noise-level [dB],Percentage Outliers (3Std),Seed,Mean_MD,Std_MD,Median_MD,nMAD_MD,Mean_MSE,Std_MSE,Median_MSE,nMAD_MSE,Mean_SNR,Std_SNR,Median_SNR,nMAD_SNR,Time elapsed [s]
0,jade,100,10000,1000,[0.001  0.0025 0.005  0.01   0.015  0.05   0.1    0.2    0.5   ],None,0.8388192921453621,0.051825416267098814,0.8542109501997697,0.049950438909765735,0.4069287102701598,0.09303819279501761,0.413751038485887,0.0996128415923788,4.640456686611231,1.3390388958602613,4.41178863162668,1.3915490091140272,40.91828203201294
,Method,# Runs,Sample Size,Noise-level [dB],Percentage Outliers (3Std),Seed,Mean_MD,Std_MD,Median_MD,nMAD_MD,Mean_MSE,Std_MSE,Median_MSE,nMAD_MSE,Mean_SNR,Std_SNR,Median_SNR,nMAD_SNR,Time elapsed [s]
0,jade,100,10000,1000,[0.001  0.0025 0.005  0.01   0.015  0.05   0.1    0.2    0.5   ],None,0.8435816636937585,0.05105990636950518,0.849620278935326,0.04434072945697936,0.40931207121742913,0.0897909876070238,0.4132082414667327,0.0925756890574021,4.639012357815151,1.4062413092079904,4.434079287688569,1.4256575287202922,42.249611139297485
,Method,# Runs,Sample Size,Noise-level [dB],Percentage Outliers (3Std),Seed,Mean_MD,Std_MD,Median_MD,nMAD_MD,Mean_MSE,Std_MSE,Median_MSE,nMAD_MSE,Mean_SNR,Std_SNR,Median_SNR,nMAD_SNR,Time elapsed [s]
0,jade,100,10000,1000,[0.001  0.0025 0.005  0.01   0.015  0.05   0.1    0.2    0.5   ],None,0.8407942157615118,0.057480178683468164,0.8474759380150643,0.06438309818955779,0.4194410767732414,0.09302167447335488,0.41725236058009735,0.10165319661901157,4.553527757997221,1.4337971185433915,4.351980331838483,1.3857714254850217,45.85395312309265
,Method,# Runs,Sample Size,Noise-level [dB],Percentage Outliers (3Std),Seed,Mean_MD,Std_MD,Median_MD,nMAD_MD,Mean_MSE,Std_MSE,Median_MSE,nMAD_MSE,Mean_SNR,Std_SNR,Median_SNR,nMAD_SNR,Time elapsed [s]
0,jade,100,10000,1000,[0.001  0.0025 0.005  0.01   0.015  0.05   0.1    0.2    0.5   ],None,0.8379262076037475,0.06136512310209521,0.8446827838166302,0.056247734813629935,0.41685828155986604,0.10018637592492517,0.43104121125815276,0.09601828241091617,4.633537848327292,1.5454103569323427,4.230759862473155,1.4139720038561556,50.93419003486633
,Method,# Runs,Sample Size,Noise-level [dB],Percentage Outliers (3Std),Seed,Mean_MD,Std_MD,Median_MD,nMAD_MD,Mean_MSE,Std_MSE,Median_MSE,nMAD_MSE,Mean_SNR,Std_SNR,Median_SNR,nMAD_SNR,Time elapsed [s]
0,jade,100,10000,1000,[0.001  0.0025 0.005  0.01   0.015  0.05   0.1    0.2    0.5   ],None,0.8381179719375434,0.05232383111487067,0.8438471816457616,0.04939760260919364,0.41288946595023895,0.1062886498900637,0.4136800251218352,0.09648436983718098,4.636366650171681,1.6451258368107988,4.3490218676084265,1.3970702090639577,38.936959981918335
,Method,# Runs,Sample Size,Noise-level [dB],Percentage Outliers (3Std),Seed,Mean_MD,Std_MD,Median_MD,nMAD_MD,Mean_MSE,Std_MSE,Median_MSE,nMAD_MSE,Mean_SNR,Std_SNR,Median_SNR,nMAD_SNR,Time elapsed [s]
0,jade,100,10000,1000,[0.001  0.0025 0.005  0.01   0.015  0.05   0.1    0.2    0.5   ],None,0.8088741240067924,0.06652728319574774,0.8186212632229397,0.057072187796736014,0.37483808872750984,0.09272553721546621,0.373376867229801,0.0939138687382755,5.3290087400643005,1.5635219201969857,4.9671372095070545,1.5540743745352064,52.640111207962036
,Method,# Runs,Sample Size,Noise-level [dB],Percentage Outliers (3Std),Seed,Mean_MD,Std_MD,Median_MD,nMAD_MD,Mean_MSE,Std_MSE,Median_MSE,nMAD_MSE,Mean_SNR,Std_SNR,Median_SNR,nMAD_SNR,Time elapsed [s]
0,jade,100,10000,1000,[0.001  0.0025 0.005  0.01   0.015  0.05   0.1    0.2    0.5   ],None,0.8099310544570412,0.05986722057747266,0.8164338675801437,0.06068843613367978,0.37885003656522726,0.0972389419850894,0.36714094850973455,0.08745743984987088,5.362207324910371,1.789832423923759,5.339039831465747,1.7101493029730648,46.920021772384644
,Method,# Runs,Sample Size,Noise-level [dB],Percentage Outliers (3Std),Seed,Mean_MD,Std_MD,Median_MD,nMAD_MD,Mean_MSE,Std_MSE,Median_MSE,nMAD_MSE,Mean_SNR,Std_SNR,Median_SNR,nMAD_SNR,Time elapsed [s]
0,jade,100,10000,1000,[0.001  0.0025 0.005  0.01   0.015  0.05   0.1    0.2    0.5   ],None,0.8290825519088176,0.05639841584130932,0.8321034486178325,0.05990384686445758,0.38326621923427334,0.09895237815464795,0.37280993236418947,0.0968757761914858,5.145231915202128,1.5947853703950727,5.069145768776979,1.6455119816978152,47.19838619232178
,Method,# Runs,Sample Size,Noise-level [dB],Percentage Outliers (3Std),Seed,Mean_MD,Std_MD,Median_MD,nMAD_MD,Mean_MSE,Std_MSE,Median_MSE,nMAD_MSE,Mean_SNR,Std_SNR,Median_SNR,nMAD_SNR,Time elapsed [s]
0,jade,100,10000,1000,[0.001  0.0025 0.005  0.01   0.015  0.05   0.1    0.2    0.5   ],None,0.827950115385071,0.05310803971103357,0.829231700219385,0.051728181483860575,0.3943277751609018,0.09632155330612764,0.3892097006653099,0.10782521208907234,4.947043551987023,1.5743889200130978,4.86931152585664,1.641444320128916,62.40191316604614
,Method,# Runs,Sample Size,Noise-level [dB],Percentage Outliers (3Std),Seed,Mean_MD,Std_MD,Median_MD,nMAD_MD,Mean_MSE,Std_MSE,Median_MSE,nMAD_MSE,Mean_SNR,Std_SNR,Median_SNR,nMAD_SNR,Time elapsed [s]
0,jade,100,10000,1000,[0.001  0.0025 0.005  0.01   0.015  0.05   0.1    0.2    0.5   ],None,0.8382814148992143,0.04657638279074375,0.8386609299930927,0.0461547113762105,0.38858924257034283,0.10288049378592411,0.3946481073648743,0.10006881575367405,4.9757326654991285,1.574517449740322,4.7535428177765375,1.5009544034521805,51.424875020980835
,Method,# Runs,Sample Size,Noise-level [dB],Percentage Outliers (3Std),Seed,Mean_MD,Std_MD,Median_MD,nMAD_MD,Mean_MSE,Std_MSE,Median_MSE,nMAD_MSE,Mean_SNR,Std_SNR,Median_SNR,nMAD_SNR,Time elapsed [s]
0,jade,100,10000,1000,[0.001  0.0025 0.005  0.01   0.015  0.05   0.1    0.2    0.5   ],None,0.8313222717123487,0.059698009241115645,0.8393911914859649,0.05548539918874467,0.40548684400838775,0.10877252144605763,0.39815521783972374,0.08600765763985493,4.773075270536328,1.6670767535649296,4.564342318843736,1.526798628755241,60.041301250457764
,Method,# Runs,Sample Size,Noise-level [dB],Percentage Outliers (3Std),Seed,Mean_MD,Std_MD,Median_MD,nMAD_MD,Mean_MSE,Std_MSE,Median_MSE,nMAD_MSE,Mean_SNR,Std_SNR,Median_SNR,nMAD_SNR,Time elapsed [s]
0,jade,100,10000,1000,[0.001  0.0025 0.005  0.01   0.015  0.05   0.1    0.2    0.5   ],None,0.8397439609406133,0.060638651005888396,0.8468716230876414,0.051442814127083965,0.4144141186763591,0.10895846742949197,0.4073928608335276,0.09613993855704105,4.612062493020771,1.6817181231779803,4.342068896662937,1.4031393964233358,63.76892805099487
,Method,# Runs,Sample Size,Noise-level [dB],Percentage Outliers (3Std),Seed,Mean_MD,Std_MD,Median_MD,nMAD_MD,Mean_MSE,Std_MSE,Median_MSE,nMAD_MSE,Mean_SNR,Std_SNR,Median_SNR,nMAD_SNR,Time elapsed [s]
0,jade,100,10000,1000,[0.001  0.0025 0.005  0.01   0.015  0.05   0.1    0.2    0.5   ],None,0.8368515856525802,0.0577621708265809,0.8485152147983497,0.06106184275972724,0.38470496425171447,0.09705435816619348,0.38500159858160077,0.10977362727320972,4.961273688416565,1.6442120959052098,4.740734483545159,1.6106412919304183,67.38200330734253
,Method,# Runs,Sample Size,Noise-level [dB],Percentage Outliers (3Std),Seed,Mean_MD,Std_MD,Median_MD,nMAD_MD,Mean_MSE,Std_MSE,Median_MSE,nMAD_MSE,Mean_SNR,Std_SNR,Median_SNR,nMAD_SNR,Time elapsed [s]
0,jade,100,10000,1000,[0.001  0.0025 0.005  0.01   0.015  0.05   0.1    0.2    0.5   ],None,0.8329078828625397,0.053488758278366313,0.8363720939632603,0.05174968581225636,0.40285323476320345,0.10278197555563871,0.41661338602263387,0.09840059223582101,4.8838750073900465,1.7343092309542745,4.503239012977892,1.4204995698368865,52.32170820236206
,Method,# Runs,Sample Size,Noise-level [dB],Percentage Outliers (3Std),Seed,Mean_MD,Std_MD,Median_MD,nMAD_MD,Mean_MSE,Std_MSE,Median_MSE,nMAD_MSE,Mean_SNR,Std_SNR,Median_SNR,nMAD_SNR,Time elapsed [s]
0,jade,100,10000,40,0,None,0.7314915348014904,0.10087511892732193,0.7444859261328605,0.08831925902210427,0.3549557703838479,0.12657920611417892,0.354077824128448,0.1346340123320317,5.653858799137228,2.0502785716994243,5.532057701639744,2.016840551605305,54.769142150878906
,Method,# Runs,Sample Size,Noise-level [dB],Percentage Outliers (3Std),Seed,Mean_MD,Std_MD,Median_MD,nMAD_MD,Mean_MSE,Std_MSE,Median_MSE,nMAD_MSE,Mean_SNR,Std_SNR,Median_SNR,nMAD_SNR,Time elapsed [s]
0,jade,100,10000,30,0,None,0.751442236991602,0.08882080174533,0.7641931111587681,0.08531754131927417,0.37047245353839975,0.11946941818690797,0.3753247349963553,0.12037567536491309,5.393667552167992,2.0674485941104592,5.250832702568551,1.8208349665416765,49.66707992553711
,Method,# Runs,Sample Size,Noise-level [dB],Percentage Outliers (3Std),Seed,Mean_MD,Std_MD,Median_MD,nMAD_MD,Mean_MSE,Std_MSE,Median_MSE,nMAD_MSE,Mean_SNR,Std_SNR,Median_SNR,nMAD_SNR,Time elapsed [s]
0,jade,100,10000,20,0,None,0.7529854574061416,0.08397126370065734,0.7583264243262541,0.08748548423809235,0.3817016394747069,0.1210526762507755,0.39068809408402744,0.1461433639896592,5.020776088199198,1.7047602099023065,4.922293584353807,1.8997595537247256,74.19246697425842
,Method,# Runs,Sample Size,Noise-level [dB],Percentage Outliers (3Std),Seed,Mean_MD,Std_MD,Median_MD,nMAD_MD,Mean_MSE,Std_MSE,Median_MSE,nMAD_MSE,Mean_SNR,Std_SNR,Median_SNR,nMAD_SNR,Time elapsed [s]
0,jade,100,10000,10,0,None,0.775254147789942,0.0912435936028962,0.792821726443868,0.08495012036247578,0.435127629179047,0.12760822774093203,0.4581903347045182,0.11649121850624104,4.324978213683629,1.8268877943407633,3.7591742572345135,1.377235038919605,65.21818399429321
,Method,# Runs,Sample Size,Noise-level [dB],Percentage Outliers (3Std),Seed,Mean_MD,Std_MD,Median_MD,nMAD_MD,Mean_MSE,Std_MSE,Median_MSE,nMAD_MSE,Mean_SNR,Std_SNR,Median_SNR,nMAD_SNR,Time elapsed [s]
0,jade,100,10000,6,0,None,0.7720538520954484,0.07400446697250863,0.777303393278896,0.07298293620926989,0.4067916262408847,0.10355913088338062,0.4027613850445378,0.11644171641448543,4.586426334225989,1.4414959027419865,4.3905307506885025,1.3990567525565594,66.78175115585327
,Method,# Runs,Sample Size,Noise-level [dB],Percentage Outliers (3Std),Seed,Mean_MD,Std_MD,Median_MD,nMAD_MD,Mean_MSE,Std_MSE,Median_MSE,nMAD_MSE,Mean_SNR,Std_SNR,Median_SNR,nMAD_SNR,Time elapsed [s]
0,jade,100,10000,3,0,None,0.7942344306905251,0.07369055507683907,0.797757872250753,0.05861433426142803,0.42817852701862874,0.11142143055529616,0.4369914516406882,0.11347583387641676,4.358081983002297,1.655411182278691,3.914511285799689,1.3512526773274884,63.19965696334839
,Method,# Runs,Sample Size,Noise-level [dB],Percentage Outliers (3Std),Seed,Mean_MD,Std_MD,Median_MD,nMAD_MD,Mean_MSE,Std_MSE,Median_MSE,nMAD_MSE,Mean_SNR,Std_SNR,Median_SNR,nMAD_SNR,Time elapsed [s]
0,jade,1000,10000,40,0,None,0.7327656847709424,0.09684274550901902,0.7493966138048578,0.08963587522465993,0.3576823696487619,0.12548738541577384,0.3695377453569959,0.12279418412366017,5.605258269574525,2.068036604593068,5.266064314655885,1.7995577778347447,252.50480794906616
,Method,# Runs,Sample Size,Noise-level [dB],Percentage Outliers (3Std),Seed,Mean_MD,Std_MD,Median_MD,nMAD_MD,Mean_MSE,Std_MSE,Median_MSE,nMAD_MSE,Mean_SNR,Std_SNR,Median_SNR,nMAD_SNR,Time elapsed [s]
0,jade,1000,10000,40,0,None,0.7408347490559838,0.09327215920227382,0.7561580382810563,0.08774633348597584,0.364838754444027,0.1240814473339776,0.37504626050146894,0.12842266335637018,5.503835158563987,2.0126860866070455,5.2909570180241,1.859966108662233,249.56420803070068
,Method,# Runs,Sample Size,Noise-level [dB],Percentage Outliers (3Std),Seed,Mean_MD,Std_MD,Median_MD,nMAD_MD,Mean_MSE,Std_MSE,Median_MSE,nMAD_MSE,Mean_SNR,Std_SNR,Median_SNR,nMAD_SNR,Time elapsed [s]
0,jade,1000,1000,1000,0,None,0.7434413664604581,0.09344925314195526,0.7545683411585274,0.094151323822841,0.3744108501333181,0.1276412759826431,0.3779084464398904,0.13851542252422105,5.496113161045735,2.1555560207673565,5.295199913164495,2.3111136617245354,70.73661637306213
,Method,# Runs,Sample Size,Noise-level [dB],Percentage Outliers (3Std),Seed,Mean_MD,Std_MD,Median_MD,nMAD_MD,Mean_MSE,Std_MSE,Median_MSE,nMAD_MSE,Mean_SNR,Std_SNR,Median_SNR,nMAD_SNR,Time elapsed [s]
0,jade,1000,2500,1000,0,None,0.7301374138113863,0.0958193559589707,0.7418865951411135,0.09238447303189425,0.3441014870551834,0.12204357877230788,0.3538448607675964,0.12720427825999858,6.136792291772161,2.267425643137817,5.948646424683938,2.171423822747519,98.17723488807678
,Method,# Runs,Sample Size,Noise-level [dB],Percentage Outliers (3Std),Seed,Mean_MD,Std_MD,Median_MD,nMAD_MD,Mean_MSE,Std_MSE,Median_MSE,nMAD_MSE,Mean_SNR,Std_SNR,Median_SNR,nMAD_SNR,Time elapsed [s]
0,jade,1000,5000,1000,0,None,0.7355916270905191,0.09488429486482759,0.7500241819274898,0.0901511574753079,0.35735894581509137,0.12567277976136726,0.3718912920724833,0.13270586173311077,5.775366718882081,2.160698764840686,5.545939262570532,2.0161377144212147,145.84546399116516
,Method,# Runs,Sample Size,Noise-level [dB],Percentage Outliers (3Std),Seed,Mean_MD,Std_MD,Median_MD,nMAD_MD,Mean_MSE,Std_MSE,Median_MSE,nMAD_MSE,Mean_SNR,Std_SNR,Median_SNR,nMAD_SNR,Time elapsed [s]
0,jade,1000,10000,1000,0,None,0.7351517091619224,0.09602190581249828,0.7510170281962782,0.09130178937342222,0.35936360908695925,0.125143613837627,0.3763096057486258,0.13194115262726777,5.649983394832508,2.1193282112297864,5.4143793705936085,2.048656084170402,241.96059894561768
,Method,# Runs,Sample Size,Noise-level [dB],Percentage Outliers (3Std),Seed,Mean_MD,Std_MD,Median_MD,nMAD_MD,Mean_MSE,Std_MSE,Median_MSE,nMAD_MSE,Mean_SNR,Std_SNR,Median_SNR,nMAD_SNR,Time elapsed [s]
0,jade,1000,15000,1000,0,None,0.7358227074689221,0.09305070641860803,0.7500479427851542,0.08890760374297885,0.35312626869382746,0.12370859958292574,0.35727202849108175,0.1341360612522802,5.7846849667064095,2.08015172772216,5.6116186582182666,1.9876125666673656,335.1896810531616
,Method,# Runs,Sample Size,Noise-level [dB],Percentage Outliers (3Std),Seed,Mean_MD,Std_MD,Median_MD,nMAD_MD,Mean_MSE,Std_MSE,Median_MSE,nMAD_MSE,Mean_SNR,Std_SNR,Median_SNR,nMAD_SNR,Time elapsed [s]
0,jade,1000,1000,1000,0,None,0.7454493197848499,0.08629954833861074,0.7561875670343667,0.08455089986956207,0.3943725442505427,0.11926523970020696,0.4016278735062987,0.12251743905946282,4.700194674491046,1.5677330882855873,4.521800087590604,1.518337172773167,72.71155214309692
,Method,# Runs,Sample Size,Noise-level [dB],Percentage Outliers (3Std),Seed,Mean_MD,Std_MD,Median_MD,nMAD_MD,Mean_MSE,Std_MSE,Median_MSE,nMAD_MSE,Mean_SNR,Std_SNR,Median_SNR,nMAD_SNR,Time elapsed [s]
0,jade,1000,2500,1000,0,None,0.7323240039967487,0.09780747620127643,0.7452265859733804,0.09477437495744659,0.35055098043686894,0.12504034686799442,0.36208944645300706,0.12967589972390717,5.98820072427854,2.1989711802160112,5.773874607777705,2.1493557251843836,97.05404782295227
,Method,# Runs,Sample Size,Noise-level [dB],Percentage Outliers (3Std),Seed,Mean_MD,Std_MD,Median_MD,nMAD_MD,Mean_MSE,Std_MSE,Median_MSE,nMAD_MSE,Mean_SNR,Std_SNR,Median_SNR,nMAD_SNR,Time elapsed [s]
0,jade,1000,5000,1000,0,None,0.7324548503038311,0.09684499265851228,0.7456872627874742,0.0938081114342001,0.35141014281210325,0.1290903595222598,0.35721923203086114,0.14265332780619447,5.790824348356873,2.1675731005034766,5.489580512509212,2.147885504109274,145.44413328170776
,Method,# Runs,Sample Size,Noise-level [dB],Percentage Outliers (3Std),Seed,Mean_MD,Std_MD,Median_MD,nMAD_MD,Mean_MSE,Std_MSE,Median_MSE,nMAD_MSE,Mean_SNR,Std_SNR,Median_SNR,nMAD_SNR,Time elapsed [s]
0,jade,1000,10000,1000,0,None,0.7353983740178274,0.09699843790838147,0.7536952084168693,0.09159371730588112,0.35954328709809663,0.12454441304463366,0.37713222691497184,0.12492995523170237,5.668429387455743,2.119182019520001,5.32763679408957,1.9888802926297482,238.42436599731445
,Method,# Runs,Sample Size,Noise-level [dB],Percentage Outliers (3Std),Seed,Mean_MD,Std_MD,Median_MD,nMAD_MD,Mean_MSE,Std_MSE,Median_MSE,nMAD_MSE,Mean_SNR,Std_SNR,Median_SNR,nMAD_SNR,Time elapsed [s]
0,jade,1000,15000,1000,0,None,0.731711961854423,0.09682748010665784,0.750052771139599,0.08630204596048341,0.3421890810479723,0.12465381365928598,0.3534902010695834,0.13368414382975036,6.151083282197273,2.239208492792373,5.907279831626017,2.1600180554029063,326.4571511745453
,Method,# Runs,Sample Size,Noise-level [dB],Percentage Outliers (3Std),Seed,Mean_MD,Std_MD,Median_MD,nMAD_MD,Mean_MSE,Std_MSE,Median_MSE,nMAD_MSE,Mean_SNR,Std_SNR,Median_SNR,nMAD_SNR,Time elapsed [s]
0,power_ica,1000,1000,1000,0,None,0.29897840529022895,0.05177205643659713,0.3122879069066341,0.0023577265681839986,0.006961868356435777,0.0065531437446123145,0.006595086099898955,0.0003025115622766046,25.119591882206283,1.887588036927481,24.981490093496486,0.626460257994313,38.97290587425232
,Method,# Runs,Sample Size,Noise-level [dB],Percentage Outliers (3Std),Seed,Mean_MD,Std_MD,Median_MD,nMAD_MD,Mean_MSE,Std_MSE,Median_MSE,nMAD_MSE,Mean_SNR,Std_SNR,Median_SNR,nMAD_SNR,Time elapsed [s]
0,power_ica,1000,2500,1000,0,None,0.34248978917660555,0.01776460791029247,0.34067972647956624,0.003271176682199388,0.00941176298367307,0.015876771317233588,0.008442736502655361,0.00040648446019286367,21.582986571527602,0.7119621787318262,21.53526201715823,0.35948017643461383,80.65965700149536
,Method,# Runs,Sample Size,Noise-level [dB],Percentage Outliers (3Std),Seed,Mean_MD,Std_MD,Median_MD,nMAD_MD,Mean_MSE,Std_MSE,Median_MSE,nMAD_MSE,Mean_SNR,Std_SNR,Median_SNR,nMAD_SNR,Time elapsed [s]
0,power_ica,1000,5000,1000,0,None,0.0754192888564886,0.015665262898767886,0.07512766290037151,0.0023092247120863572,0.0017700432944158756,0.008183214297544626,0.0015453795533716397,0.0003359780314096751,31.432015680727453,1.044264960763486,31.733694697835716,0.8123232366333725,123.10043811798096
,Method,# Runs,Sample Size,Noise-level [dB],Percentage Outliers (3Std),Seed,Mean_MD,Std_MD,Median_MD,nMAD_MD,Mean_MSE,Std_MSE,Median_MSE,nMAD_MSE,Mean_SNR,Std_SNR,Median_SNR,nMAD_SNR,Time elapsed [s]
0,power_ica,1000,10000,1000,0,None,0.13842184335031066,0.019369115217318943,0.13656184906615887,0.0026973416891907724,0.0024870270868592257,0.011365663426998672,0.0020374810410220177,0.00022943197363329358,28.590141625424728,0.8320000522950964,28.70495529655522,0.3964745236688065,210.9596300125122
,Method,# Runs,Sample Size,Noise-level [dB],Percentage Outliers (3Std),Seed,Mean_MD,Std_MD,Median_MD,nMAD_MD,Mean_MSE,Std_MSE,Median_MSE,nMAD_MSE,Mean_SNR,Std_SNR,Median_SNR,nMAD_SNR,Time elapsed [s]
0,power_ica,1000,15000,1000,0,None,0.15741798912991406,0.011824261713509705,0.15630603590012648,0.0017536630686988536,0.0025641947265121353,0.006007194976425372,0.0024429977908677946,0.00021279725959024164,26.740308360259316,0.5412190539114227,26.720907634314564,0.2661048420773587,298.69724583625793
,Method,# Runs,Sample Size,Noise-level [dB],Percentage Outliers (3Std),Seed,Mean_MD,Std_MD,Median_MD,nMAD_MD,Mean_MSE,Std_MSE,Median_MSE,nMAD_MSE,Mean_SNR,Std_SNR,Median_SNR,nMAD_SNR,Time elapsed [s]
0,fast_ica,1000,1000,1000,0,None,0.8146668538341405,0.08287209864230169,0.8272960975002795,0.07845567561457797,0.44901860164113067,0.12731005698761694,0.4526926011987674,0.1292015549651505,4.220395185966811,1.8250444476072563,3.8356302506912607,1.573342909181057,36.58216619491577
,Method,# Runs,Sample Size,Noise-level [dB],Percentage Outliers (3Std),Seed,Mean_MD,Std_MD,Median_MD,nMAD_MD,Mean_MSE,Std_MSE,Median_MSE,nMAD_MSE,Mean_SNR,Std_SNR,Median_SNR,nMAD_SNR,Time elapsed [s]
0,fast_ica,1000,2500,1000,0,None,0.8324492797277414,0.07870153090045486,0.8454719481368782,0.07352563576242244,0.44826514089777186,0.12703012919749626,0.45925380193708826,0.13069812795678423,4.200814580546348,1.7853736887346732,3.789484056923201,1.666345426056435,54.29115390777588
,Method,# Runs,Sample Size,Noise-level [dB],Percentage Outliers (3Std),Seed,Mean_MD,Std_MD,Median_MD,nMAD_MD,Mean_MSE,Std_MSE,Median_MSE,nMAD_MSE,Mean_SNR,Std_SNR,Median_SNR,nMAD_SNR,Time elapsed [s]
0,fast_ica,1000,5000,1000,0,None,0.8287377724160994,0.0813227153735558,0.8438279899322191,0.07260976418323667,0.4534349456925713,0.12635878474493414,0.4736763676021939,0.11749892435816071,4.144020704549267,1.8379644904018044,3.6450043218156365,1.4115289298564622,83.98425030708313
,Method,# Runs,Sample Size,Noise-level [dB],Percentage Outliers (3Std),Seed,Mean_MD,Std_MD,Median_MD,nMAD_MD,Mean_MSE,Std_MSE,Median_MSE,nMAD_MSE,Mean_SNR,Std_SNR,Median_SNR,nMAD_SNR,Time elapsed [s]
0,fast_ica,1000,10000,1000,0,None,0.841722932068641,0.07833952454692791,0.8531657726710254,0.06835719989441948,0.4550987922386408,0.12368641123469068,0.4636481864304638,0.11894008596833959,4.115543832574376,1.7995110737928242,3.714451341896928,1.4450965387440808,140.67209005355835
,Method,# Runs,Sample Size,Noise-level [dB],Percentage Outliers (3Std),Seed,Mean_MD,Std_MD,Median_MD,nMAD_MD,Mean_MSE,Std_MSE,Median_MSE,nMAD_MSE,Mean_SNR,Std_SNR,Median_SNR,nMAD_SNR,Time elapsed [s]
0,fast_ica,1000,15000,1000,0,None,0.820672433111084,0.08491634009650349,0.8354886819587217,0.07897526820986664,0.44415514184530613,0.12903398211335315,0.4575844323247249,0.13013902011408318,4.266939669941282,1.859321869045167,3.847764278172821,1.6603766104231938,188.2940719127655
,Method,# Runs,Sample Size,Noise-level [dB],Percentage Outliers (3Std),Seed,Mean_MD,Std_MD,Median_MD,nMAD_MD,Mean_MSE,Std_MSE,Median_MSE,nMAD_MSE,Mean_SNR,Std_SNR,Median_SNR,nMAD_SNR,Time elapsed [s]
0,radical,1000,1000,1000,0,None,0.22167165430640703,0.15348343717041757,0.10302250308022837,0.06269367109750151,0.056597609976266526,0.06251335662602839,0.008379812326325502,0.004600497210929863,21.73080734128628,5.672769695132167,24.722568803695236,5.566895218167773,269.28066205978394
,Method,# Runs,Sample Size,Noise-level [dB],Percentage Outliers (3Std),Seed,Mean_MD,Std_MD,Median_MD,nMAD_MD,Mean_MSE,Std_MSE,Median_MSE,nMAD_MSE,Mean_SNR,Std_SNR,Median_SNR,nMAD_SNR,Time elapsed [s]
0,radical,1000,2500,1000,0,None,0.24960498333888004,0.1655897634646631,0.3413887818593826,0.303292791397044,0.07046723056166763,0.0808151288431768,0.08793588555479272,0.11070730905889598,21.07136095367996,5.2249823869361585,18.696293627354155,5.712808410638691,616.7363758087158
,Method,# Runs,Sample Size,Noise-level [dB],Percentage Outliers (3Std),Seed,Mean_MD,Std_MD,Median_MD,nMAD_MD,Mean_MSE,Std_MSE,Median_MSE,nMAD_MSE,Mean_SNR,Std_SNR,Median_SNR,nMAD_SNR,Time elapsed [s]
0,radical,1000,5000,1000,0,None,0.12429477131143969,0.14297400642874572,0.06491861971428359,0.017404672179542446,0.028708491236748672,0.07156955637338283,0.0030511063908245884,0.0017974783440760482,26.048158425791534,4.9619928806578075,28.168191221316455,2.77876590124952,1259.6213092803955
,Method,# Runs,Sample Size,Noise-level [dB],Percentage Outliers (3Std),Seed,Mean_MD,Std_MD,Median_MD,nMAD_MD,Mean_MSE,Std_MSE,Median_MSE,nMAD_MSE,Mean_SNR,Std_SNR,Median_SNR,nMAD_SNR,Time elapsed [s]
0,radical,1000,10000,1000,0,None,0.12758486525803542,0.1477562399868005,0.07826165665199347,0.027991617834672227,0.03013379517280793,0.07536937249194144,0.0037809700984139977,0.0023241753462308976,27.613607768659467,5.079117563090737,28.8058818035662,2.9580531723916272,2666.067435026169
,Method,# Runs,Sample Size,Noise-level [dB],Percentage Outliers (3Std),Seed,Mean_MD,Std_MD,Median_MD,nMAD_MD,Mean_MSE,Std_MSE,Median_MSE,nMAD_MSE,Mean_SNR,Std_SNR,Median_SNR,nMAD_SNR,Time elapsed [s]
0,radical,1000,15000,1000,0,None,0.16833487085152737,0.14580944903448012,0.0846688116048616,0.04306930380768177,0.037761193859183896,0.06238562816279852,0.004444540493050328,0.0034569873415836263,25.678794456688472,4.937941665385794,26.712861996245973,5.43320224085794,4111.860860109329
,Method,# Runs,Sample Size,Noise-level [dB],Percentage Outliers (3Std),Seed,Mean_MD,Std_MD,Median_MD,nMAD_MD,Mean_MSE,Std_MSE,Median_MSE,nMAD_MSE,Mean_SNR,Std_SNR,Median_SNR,nMAD_SNR,Time elapsed [s]
0,coro_ica,1000,1000,1000,0,None,0.3488694060908034,4.110235761756736e-13,0.3488694060909502,2.565316958857977e-13,0.011115219276857564,3.52475856400425e-14,0.011115219276870234,2.190102318250231e-14,19.765951428950764,1.3558048766499493e-11,19.765951428945886,8.422338027003207e-12,46.48880219459534
,Method,# Runs,Sample Size,Noise-level [dB],Percentage Outliers (3Std),Seed,Mean_MD,Std_MD,Median_MD,nMAD_MD,Mean_MSE,Std_MSE,Median_MSE,nMAD_MSE,Mean_SNR,Std_SNR,Median_SNR,nMAD_SNR,Time elapsed [s]
0,coro_ica,1000,2500,1000,0,None,0.1583484383996283,2.6143344352326264e-14,0.15834843839962892,2.7570778993180055e-15,0.0026640142507689383,3.002329310230041e-15,0.002664014250769682,3.647598629391569e-15,26.767544024358216,2.344260397093479e-12,26.767544024358763,2.7389717160986038e-12,103.13284301757812
,Method,# Runs,Sample Size,Noise-level [dB],Percentage Outliers (3Std),Seed,Mean_MD,Std_MD,Median_MD,nMAD_MD,Mean_MSE,Std_MSE,Median_MSE,nMAD_MSE,Mean_SNR,Std_SNR,Median_SNR,nMAD_SNR,Time elapsed [s]
0,coro_ica,1000,5000,1000,0,None,0.06749281020475646,1.6017134523905683e-13,0.06749281020479785,1.8046515115610617e-13,0.0013395849654216558,3.0811632679528444e-15,0.0013395849654224436,3.5423114311608494e-15,30.69079116327837,2.50377101845607e-11,30.690791163271854,2.8743401259134768e-11,254.85646891593933
,Method,# Runs,Sample Size,Noise-level [dB],Percentage Outliers (3Std),Seed,Mean_MD,Std_MD,Median_MD,nMAD_MD,Mean_MSE,Std_MSE,Median_MSE,nMAD_MSE,Mean_SNR,Std_SNR,Median_SNR,nMAD_SNR,Time elapsed [s]
0,coro_ica,1000,10000,1000,0,None,0.05366901706011733,6.839794148749113e-14,0.05366901706012607,6.952362852086224e-14,0.0009971874659514693,8.858672172874016e-16,0.0009971874659515604,8.593364301395789e-16,33.05963597850483,1.0633824207994213e-11,33.05963597850394,6.97384336945106e-12,753.6286299228668
,Method,# Runs,Sample Size,Noise-level [dB],Percentage Outliers (3Std),Seed,Mean_MD,Std_MD,Median_MD,nMAD_MD,Mean_MSE,Std_MSE,Median_MSE,nMAD_MSE,Mean_SNR,Std_SNR,Median_SNR,nMAD_SNR,Time elapsed [s]
0,coro_ica,1000,15000,1000,0,None,0.04517040217954621,4.8330388541413977e-14,0.04517040217954901,4.373260503731657e-14,0.0007892821253518912,3.962524700902033e-16,0.0007892821253519242,4.302308184191139e-16,38.02790328495346,5.1650410096691463e-11,38.02790328494841,5.4489735390461644e-11,1513.962376832962
,Method,# Runs,Sample Size,Noise-level [dB],Percentage Outliers (3Std),Seed,Mean_MD,Std_MD,Median_MD,nMAD_MD,Mean_MSE,Std_MSE,Median_MSE,nMAD_MSE,Mean_SNR,Std_SNR,Median_SNR,nMAD_SNR,Time elapsed [s]
0,random,1000,1000,1000,0,None,0.8954619722529854,0.05648775753225183,0.8968829469575743,0.06381376980169563,0.4522348537484901,0.12165334092902556,0.45386420549478895,0.12266761506980921,4.164221881845819,1.7216555812848133,3.8552712955684125,1.49737064275847,24.233349323272705
,Method,# Runs,Sample Size,Noise-level [dB],Percentage Outliers (3Std),Seed,Mean_MD,Std_MD,Median_MD,nMAD_MD,Mean_MSE,Std_MSE,Median_MSE,nMAD_MSE,Mean_SNR,Std_SNR,Median_SNR,nMAD_SNR,Time elapsed [s]
0,random,1000,2500,1000,0,None,0.9058194680841486,0.05902304778453088,0.9130376796219962,0.0667221712276451,0.4539043790533076,0.11620732507818668,0.4576406587798246,0.11624027470399552,4.13892176248392,1.680048195987159,3.843375144092688,1.4233123218893264,40.1190140247345
,Method,# Runs,Sample Size,Noise-level [dB],Percentage Outliers (3Std),Seed,Mean_MD,Std_MD,Median_MD,nMAD_MD,Mean_MSE,Std_MSE,Median_MSE,nMAD_MSE,Mean_SNR,Std_SNR,Median_SNR,nMAD_SNR,Time elapsed [s]
0,random,1000,5000,1000,0,None,0.897946352999918,0.06102009993545463,0.901426890398489,0.07072957325246662,0.4470679568830445,0.118054177176158,0.4486722897318453,0.12312462520934997,4.233550888721205,1.7246166516960466,3.947559394761775,1.5648930289780698,62.82572913169861
,Method,# Runs,Sample Size,Noise-level [dB],Percentage Outliers (3Std),Seed,Mean_MD,Std_MD,Median_MD,nMAD_MD,Mean_MSE,Std_MSE,Median_MSE,nMAD_MSE,Mean_SNR,Std_SNR,Median_SNR,nMAD_SNR,Time elapsed [s]
0,random,1000,10000,1000,0,None,0.8999592630006826,0.058154820294650814,0.9049916612979081,0.06497252833663707,0.4546236799715448,0.11476095553181202,0.46374946857044286,0.12034553225683015,4.097505888603431,1.5987628006710615,3.6889034030046983,1.3896535800198933,110.71932911872864
,Method,# Runs,Sample Size,Noise-level [dB],Percentage Outliers (3Std),Seed,Mean_MD,Std_MD,Median_MD,nMAD_MD,Mean_MSE,Std_MSE,Median_MSE,nMAD_MSE,Mean_SNR,Std_SNR,Median_SNR,nMAD_SNR,Time elapsed [s]
0,random,1000,15000,1000,0,None,0.9001086878692668,0.05677564232831399,0.9016811717003276,0.06411993252528478,0.45597285947302496,0.11481757094836116,0.45920428367884447,0.11816196062840265,4.0833542496250566,1.5966139602939404,3.8013139431524356,1.4667901927459213,157.43594217300415
